               epoch,      train/box_loss,      train/obj_loss,      train/cls_loss,   metrics/precision,      metrics/recall,     metrics/mAP_0.5,metrics/mAP_0.5:0.95,        val/box_loss,        val/obj_loss,        val/cls_loss,               x/lr0,               x/lr1,               x/lr2
                   0,             0.11008,            0.060947,            0.026699,            0.051175,            0.060175,             0.02156,           0.0044593,             0.08816,            0.068547,            0.020158,            0.070423,           0.0032864,           0.0032864
                   1,            0.083798,            0.061306,            0.019146,            0.091097,             0.46679,            0.084634,             0.02818,            0.079835,            0.060585,            0.015069,            0.040335,           0.0065323,           0.0065323
                   2,             0.07763,            0.056786,            0.015777,             0.17552,             0.41415,             0.15817,            0.060071,            0.069692,             0.05699,            0.010243,             0.01016,           0.0096903,           0.0096903
                   3,            0.072341,            0.055179,            0.011736,             0.19076,             0.59549,             0.32281,            0.099599,            0.064666,            0.057202,           0.0086417,            0.009604,            0.009604,            0.009604
                   4,            0.064934,             0.05291,           0.0090155,             0.19046,             0.59054,             0.27446,             0.09232,            0.064363,            0.055845,           0.0057635,            0.009604,            0.009604,            0.009604
                   5,            0.060166,             0.05257,           0.0074904,             0.48406,             0.63653,             0.56723,             0.24132,            0.051235,            0.057433,           0.0053196,            0.009472,            0.009472,            0.009472
                   6,            0.056835,            0.055928,           0.0064008,             0.28942,             0.62837,             0.41583,             0.18191,            0.053319,            0.056643,           0.0050742,             0.00934,             0.00934,             0.00934
                   7,            0.053047,            0.056667,            0.005801,             0.43498,             0.68099,             0.53415,             0.26174,            0.044147,            0.059871,            0.006471,            0.009208,            0.009208,            0.009208
                   8,            0.051281,            0.055933,            0.005596,             0.35547,             0.69616,             0.53061,             0.25487,            0.043681,            0.060207,           0.0056148,            0.009076,            0.009076,            0.009076
                   9,            0.050502,            0.054803,           0.0052378,             0.52463,             0.69021,             0.58642,             0.27566,            0.044031,            0.059818,           0.0040289,            0.008944,            0.008944,            0.008944
                  10,            0.048914,            0.055687,           0.0050997,             0.55733,             0.72095,             0.58929,             0.27089,            0.045678,            0.059781,           0.0038798,            0.008812,            0.008812,            0.008812
                  11,            0.046599,            0.057567,           0.0051192,             0.57287,             0.76726,              0.6129,             0.33248,            0.043038,            0.063965,           0.0037433,             0.00868,             0.00868,             0.00868
                  12,            0.045842,            0.054153,           0.0045021,             0.45047,             0.68354,              0.5652,             0.26558,            0.042925,            0.059781,           0.0041078,            0.008548,            0.008548,            0.008548
                  13,             0.04624,            0.054929,           0.0045716,             0.55032,             0.72741,             0.61559,             0.33726,            0.039912,             0.05948,           0.0038261,            0.008416,            0.008416,            0.008416
                  14,            0.044856,             0.05241,           0.0039765,             0.53374,              0.7253,             0.59671,             0.31507,            0.042954,            0.058617,           0.0038578,            0.008284,            0.008284,            0.008284
                  15,            0.044956,            0.055733,           0.0042139,             0.53437,             0.72897,             0.59159,             0.31774,            0.039384,            0.059578,           0.0039809,            0.008152,            0.008152,            0.008152
                  16,            0.044431,            0.053524,           0.0040093,              0.5567,             0.73932,             0.61318,             0.34733,            0.039408,            0.058764,           0.0040556,             0.00802,             0.00802,             0.00802
                  17,            0.044002,            0.053338,            0.003885,             0.59131,             0.70553,             0.63053,             0.37606,            0.036804,            0.065094,           0.0036301,            0.007888,            0.007888,            0.007888
                  18,            0.041994,            0.054142,            0.003558,             0.56839,             0.72735,             0.61454,             0.32535,            0.038718,            0.059966,           0.0036626,            0.007756,            0.007756,            0.007756
                  19,            0.041899,            0.052461,           0.0033499,             0.54756,             0.69119,             0.61356,             0.36399,            0.038968,            0.061585,           0.0038247,            0.007624,            0.007624,            0.007624
                  20,            0.040907,            0.052608,           0.0036441,             0.56703,             0.70334,             0.61821,              0.3606,            0.038609,             0.06084,           0.0035003,            0.007492,            0.007492,            0.007492
                  21,            0.040462,            0.052505,           0.0037746,             0.55936,             0.75079,             0.59703,             0.35487,             0.03739,             0.06176,           0.0035835,             0.00736,             0.00736,             0.00736
                  22,            0.040073,            0.052808,           0.0033109,             0.58324,             0.66885,             0.60612,              0.3544,            0.038606,            0.065241,           0.0034501,            0.007228,            0.007228,            0.007228
                  23,            0.040149,            0.053808,           0.0030647,             0.59427,             0.67218,             0.62818,             0.37717,            0.038979,            0.062983,           0.0034236,            0.007096,            0.007096,            0.007096
                  24,            0.039514,            0.051774,            0.003314,             0.56431,             0.69355,             0.61292,             0.36609,            0.037076,            0.061883,           0.0032057,            0.006964,            0.006964,            0.006964
                  25,            0.038822,            0.052221,           0.0033761,              0.5855,             0.73516,             0.61595,             0.35661,            0.037847,            0.063439,           0.0030568,            0.006832,            0.006832,            0.006832
                  26,            0.039376,            0.050875,           0.0031817,             0.59961,             0.68583,             0.61817,             0.36528,            0.037072,             0.06619,           0.0035733,              0.0067,              0.0067,              0.0067
                  27,             0.03916,            0.051248,           0.0030512,             0.56221,             0.70714,             0.59939,             0.36308,            0.036233,            0.063176,           0.0038951,            0.006568,            0.006568,            0.006568
                  28,             0.03794,            0.050118,           0.0031608,             0.60951,             0.66171,              0.5938,             0.35807,            0.036913,            0.064048,           0.0036328,            0.006436,            0.006436,            0.006436
                  29,            0.037077,            0.048617,           0.0027967,             0.57889,             0.70409,             0.60484,             0.37978,            0.037563,            0.065442,            0.003386,            0.006304,            0.006304,            0.006304
                  30,            0.037698,            0.048632,           0.0029555,             0.58208,             0.72224,             0.60968,             0.37469,            0.037159,            0.064301,           0.0033962,            0.006172,            0.006172,            0.006172
                  31,             0.03672,            0.050143,           0.0025079,             0.57882,             0.66272,             0.61081,             0.37992,            0.037064,            0.066589,           0.0036019,             0.00604,             0.00604,             0.00604
                  32,            0.036854,            0.047926,            0.002562,             0.60707,             0.69182,              0.6119,             0.36937,            0.036886,            0.067022,           0.0032232,            0.005908,            0.005908,            0.005908
                  33,            0.036198,            0.048301,           0.0028056,             0.58205,             0.69578,             0.60499,             0.38421,            0.036155,             0.06723,           0.0034909,            0.005776,            0.005776,            0.005776
                  34,            0.036261,            0.048997,           0.0029186,             0.59688,               0.697,             0.62138,             0.38456,            0.037587,            0.067234,           0.0033931,            0.005644,            0.005644,            0.005644
                  35,            0.035113,            0.045234,           0.0025456,              0.5714,             0.71423,             0.60062,             0.37537,            0.036197,            0.065629,           0.0035387,            0.005512,            0.005512,            0.005512
                  36,            0.035272,            0.046666,           0.0026535,             0.55468,             0.69615,             0.60662,             0.37845,            0.036731,            0.068995,           0.0034677,             0.00538,             0.00538,             0.00538
                  37,            0.034795,            0.047525,           0.0024918,             0.56416,             0.67599,             0.59546,             0.36291,            0.038846,            0.073125,           0.0034829,            0.005248,            0.005248,            0.005248
                  38,            0.034541,            0.047517,           0.0025962,             0.56139,             0.67588,             0.59174,             0.34888,            0.037831,            0.070547,           0.0029886,            0.005116,            0.005116,            0.005116
                  39,            0.035677,            0.047053,           0.0026559,             0.54414,             0.65624,             0.58705,             0.35702,            0.037623,            0.075945,            0.003125,            0.004984,            0.004984,            0.004984
                  40,            0.033396,             0.04378,            0.002385,             0.55272,             0.67086,              0.6008,             0.35047,            0.037824,            0.073235,           0.0033056,            0.004852,            0.004852,            0.004852
                  41,            0.032635,            0.043783,           0.0022416,             0.57517,             0.70933,              0.6123,             0.36758,             0.03715,            0.071213,           0.0030665,             0.00472,             0.00472,             0.00472
                  42,            0.033422,            0.044448,           0.0023312,             0.56127,             0.68042,             0.60589,             0.37088,            0.037582,            0.073391,           0.0030425,            0.004588,            0.004588,            0.004588
                  43,            0.033687,            0.046321,           0.0023329,             0.56289,             0.67599,             0.60398,             0.36402,            0.036837,            0.070879,           0.0034699,            0.004456,            0.004456,            0.004456
                  44,            0.032001,            0.042898,           0.0021749,             0.56057,              0.7087,             0.58685,             0.36545,            0.036746,            0.074232,           0.0035543,            0.004324,            0.004324,            0.004324
                  45,            0.032278,            0.042377,           0.0021427,              0.5936,             0.66603,             0.60224,             0.36143,            0.038911,            0.075384,           0.0035388,            0.004192,            0.004192,            0.004192
                  46,            0.032247,            0.043288,           0.0022713,             0.52647,             0.67317,             0.59846,             0.37042,            0.037215,            0.078765,           0.0036472,             0.00406,             0.00406,             0.00406
                  47,            0.031795,            0.040346,           0.0021152,             0.57192,             0.63201,             0.59921,             0.37073,            0.037559,            0.080546,           0.0037376,            0.003928,            0.003928,            0.003928
                  48,             0.03148,            0.040502,           0.0022936,             0.60649,             0.64962,             0.60295,             0.37335,            0.037161,            0.080055,           0.0033959,            0.003796,            0.003796,            0.003796
                  49,            0.030926,            0.041218,           0.0019933,             0.59271,             0.65009,             0.59678,             0.37259,            0.037924,            0.084957,           0.0032074,            0.003664,            0.003664,            0.003664
                  50,            0.031403,            0.040674,           0.0019954,              0.5882,             0.64408,             0.60284,             0.37543,            0.038364,            0.081156,           0.0034945,            0.003532,            0.003532,            0.003532
                  51,            0.031594,            0.042319,           0.0020986,             0.58267,             0.65676,             0.60332,             0.38023,            0.038277,            0.081277,            0.003397,              0.0034,              0.0034,              0.0034
                  52,            0.030987,            0.040193,           0.0020265,             0.61772,             0.58741,             0.59001,             0.38074,            0.037866,             0.08042,           0.0032409,            0.003268,            0.003268,            0.003268
                  53,            0.030816,            0.039869,           0.0020075,             0.59408,              0.6096,             0.58764,             0.36569,            0.039381,            0.084932,           0.0033716,            0.003136,            0.003136,            0.003136
                  54,            0.030373,            0.039098,           0.0019077,             0.61135,             0.62498,             0.59402,             0.36324,            0.038028,            0.082093,           0.0037202,            0.003004,            0.003004,            0.003004
                  55,            0.030105,            0.039106,             0.00184,             0.61276,             0.62941,             0.59498,             0.37355,            0.038273,            0.082685,           0.0036585,            0.002872,            0.002872,            0.002872
                  56,            0.029941,            0.037829,           0.0020348,              0.5758,             0.61999,             0.58718,             0.36976,            0.038331,            0.087866,           0.0036771,             0.00274,             0.00274,             0.00274
                  57,            0.029696,            0.037629,           0.0017375,             0.59426,             0.65224,             0.60248,             0.37686,            0.038661,              0.0833,           0.0034116,            0.002608,            0.002608,            0.002608
                  58,            0.029823,            0.037439,           0.0016904,             0.59622,             0.61789,             0.58682,             0.35991,            0.039118,             0.08509,           0.0035619,            0.002476,            0.002476,            0.002476
                  59,            0.029357,            0.036287,           0.0017531,             0.57456,             0.61956,             0.57915,             0.36078,            0.039041,            0.086372,           0.0041425,            0.002344,            0.002344,            0.002344
                  60,            0.029012,            0.036747,           0.0018222,             0.58204,             0.69016,             0.59349,             0.36969,               0.038,            0.080549,           0.0034388,            0.002212,            0.002212,            0.002212
                  61,            0.028986,            0.036585,           0.0019271,             0.61151,             0.60361,             0.58909,             0.36374,            0.038113,            0.083984,           0.0038157,             0.00208,             0.00208,             0.00208
                  62,             0.02877,            0.037199,           0.0016828,              0.6044,             0.61516,             0.59885,             0.37238,            0.038352,            0.084971,           0.0037512,            0.001948,            0.001948,            0.001948
                  63,            0.028569,            0.035894,           0.0016929,             0.55492,             0.60309,              0.5793,             0.35427,            0.039746,               0.093,           0.0044906,            0.001816,            0.001816,            0.001816
                  64,            0.028161,            0.035346,           0.0016959,             0.58803,             0.65323,             0.59168,             0.36109,            0.039223,            0.087714,           0.0040684,            0.001684,            0.001684,            0.001684
                  65,            0.027415,            0.034807,           0.0017534,             0.62192,             0.60556,             0.58507,             0.35975,            0.039374,            0.089949,           0.0039423,            0.001552,            0.001552,            0.001552
                  66,            0.027939,            0.036015,           0.0015118,              0.5679,             0.67484,             0.60171,             0.37493,            0.038776,            0.085182,           0.0037396,             0.00142,             0.00142,             0.00142
                  67,            0.028498,            0.035708,           0.0016354,             0.56627,             0.64691,             0.59439,             0.36536,            0.039099,            0.088698,           0.0038935,            0.001288,            0.001288,            0.001288
                  68,            0.027841,            0.035066,           0.0015784,             0.56584,              0.6425,              0.5939,             0.36314,            0.039396,            0.091806,           0.0038678,            0.001156,            0.001156,            0.001156
                  69,            0.027605,            0.034438,           0.0014696,             0.60085,             0.62719,             0.59074,             0.36906,            0.039094,            0.087935,           0.0038068,            0.001024,            0.001024,            0.001024
                  70,            0.027097,            0.033528,           0.0016978,             0.55752,             0.66666,             0.59168,             0.36957,            0.039253,            0.090122,            0.003873,            0.000892,            0.000892,            0.000892
                  71,             0.02643,            0.032715,           0.0013806,             0.57331,              0.6354,             0.58822,             0.37218,            0.039692,            0.094148,           0.0039813,             0.00076,             0.00076,             0.00076
                  72,            0.027419,            0.034144,           0.0015857,             0.61641,             0.58996,              0.5932,             0.37122,            0.039651,            0.094676,           0.0040531,            0.000628,            0.000628,            0.000628
                  73,            0.027368,            0.033472,           0.0015091,             0.60833,              0.5854,              0.5913,             0.36731,            0.039644,            0.094249,           0.0039702,            0.000496,            0.000496,            0.000496
                  74,            0.026903,            0.032037,           0.0014844,             0.57648,             0.62301,             0.59026,             0.36773,            0.039676,            0.094524,            0.003973,            0.000364,            0.000364,            0.000364
